1, hpce.aes414.direct_fourier_transform_parfor_inner, 4, 4, 16, 5.08428, 0.000249
1, hpce.aes414.direct_fourier_transform_parfor_inner, 4, 4, 19, 4.44305, 0.000123
1, hpce.aes414.direct_fourier_transform_parfor_inner, 4, 4, 22, 3.74936, 0.000154
1, hpce.aes414.direct_fourier_transform_parfor_inner, 4, 4, 26, 6.00059, 0.000234
1, hpce.aes414.direct_fourier_transform_parfor_inner, 4, 4, 32, 5.12512, 0.000278
1, hpce.aes414.direct_fourier_transform_parfor_inner, 4, 4, 38, 12.0709, 0.000428
1, hpce.aes414.direct_fourier_transform_parfor_inner, 4, 4, 45, 6.4673, 0.000507
1, hpce.aes414.direct_fourier_transform_parfor_inner, 4, 4, 53, 10.349, 0.000679
1, hpce.aes414.direct_fourier_transform_parfor_inner, 4, 4, 64, 8.48267, 0.000858
1, hpce.aes414.direct_fourier_transform_parfor_inner, 4, 4, 76, 0.770689, 0.001349
1, hpce.aes414.direct_fourier_transform_parfor_inner, 4, 4, 90, 8.68704, 0.00209
1, hpce.aes414.direct_fourier_transform_parfor_inner, 4, 4, 107, 6.6972, 0.002592
1, hpce.aes414.direct_fourier_transform_parfor_inner, 4, 4, 128, 6.99139, 0.004391
1, hpce.aes414.direct_fourier_transform_parfor_inner, 4, 4, 152, 15.2411, 0.003322
1, hpce.aes414.direct_fourier_transform_parfor_inner, 4, 4, 181, 4.25256, 0.004362
1, hpce.aes414.direct_fourier_transform_parfor_inner, 4, 4, 215, 6.5401, 0.006768
1, hpce.aes414.direct_fourier_transform_parfor_inner, 4, 4, 256, 7.77228, 0.009558
1, hpce.aes414.direct_fourier_transform_parfor_inner, 4, 4, 304, 7.41879, 0.012575
1, hpce.aes414.direct_fourier_transform_parfor_inner, 4, 4, 362, 17.4657, 0.014118
1, hpce.aes414.direct_fourier_transform_parfor_inner, 4, 4, 430, 18.7009, 0.022115
1, hpce.aes414.direct_fourier_transform_parfor_inner, 4, 4, 512, 6.38456, 0.035492
1, hpce.aes414.direct_fourier_transform_parfor_inner, 4, 4, 608, 21.7851, 0.035282
1, hpce.aes414.direct_fourier_transform_parfor_inner, 4, 4, 724, 8.56682, 0.050221
1, hpce.aes414.direct_fourier_transform_parfor_inner, 4, 4, 861, 10.009, 0.0676
1, hpce.aes414.direct_fourier_transform_parfor_inner, 4, 4, 1024, 15.0743, 0.113296
1, hpce.aes414.direct_fourier_transform_parfor_inner, 4, 4, 1217, 30.1267, 0.135967
1, hpce.aes414.direct_fourier_transform_parfor_inner, 4, 4, 1448, 32.4621, 0.191901
1, hpce.aes414.direct_fourier_transform_parfor_inner, 4, 4, 1722, 26.774, 0.279719
1, hpce.aes414.direct_fourier_transform_parfor_inner, 4, 4, 2048, 50.2559, 0.397119
1, hpce.aes414.direct_fourier_transform_parfor_inner, 4, 4, 2435, 37.1636, 0.527854
1, hpce.aes414.direct_fourier_transform_parfor_inner, 4, 4, 2896, 19.2577, 0.746168
1, hpce.aes414.direct_fourier_transform_parfor_inner, 4, 4, 3444, 28.0925, 1.03253
1, hpce.aes414.direct_fourier_transform_parfor_inner, 4, 4, 4096, 41.5433, 1.47235
1, hpce.aes414.direct_fourier_transform_parfor_inner, 4, 4, 4870, 100.905, 2.0606
1, hpce.aes414.direct_fourier_transform_parfor_inner, 4, 4, 5792, 28.9433, 3.09747
1, hpce.aes414.direct_fourier_transform_parfor_inner, 4, 4, 6888, 74.038, 4.06951
1, hpce.aes414.direct_fourier_transform_parfor_inner, 4, 4, 8192, 105.398, 6.308
1, hpce.aes414.direct_fourier_transform_parfor_inner, 4, 4, 9741, 59.7546, 8.27555
1, hpce.aes414.direct_fourier_transform_parfor_inner, 4, 4, 11585, 144.806, 11.7031
1, hpce.aes414.direct_fourier_transform_parfor_inner, 4, 4, 13777, 81.4108, 16.7818
1, hpce.aes414.direct_fourier_transform_parfor_inner, 4, 4, 16384, 83.2001, 25.2325
1, hpce.aes414.direct_fourier_transform_parfor_inner, 4, 4, 19483, 89.3567, 32.8826
10, hpce.aes414.direct_fourier_transform_parfor_inner, 4, 4, 16, 5.08428, 0.000174
10, hpce.aes414.direct_fourier_transform_parfor_inner, 4, 4, 19, 4.44305, 5.1e-05
10, hpce.aes414.direct_fourier_transform_parfor_inner, 4, 4, 22, 3.74936, 6.5e-05
10, hpce.aes414.direct_fourier_transform_parfor_inner, 4, 4, 26, 6.00059, 7.6e-05
10, hpce.aes414.direct_fourier_transform_parfor_inner, 4, 4, 32, 5.12512, 0.000105
10, hpce.aes414.direct_fourier_transform_parfor_inner, 4, 4, 38, 12.0709, 0.000136
10, hpce.aes414.direct_fourier_transform_parfor_inner, 4, 4, 45, 6.4673, 0.000198
10, hpce.aes414.direct_fourier_transform_parfor_inner, 4, 4, 53, 10.349, 0.000247
10, hpce.aes414.direct_fourier_transform_parfor_inner, 4, 4, 64, 8.48267, 0.000316
10, hpce.aes414.direct_fourier_transform_parfor_inner, 4, 4, 76, 0.770689, 0.000392
10, hpce.aes414.direct_fourier_transform_parfor_inner, 4, 4, 90, 8.68704, 0.00061
10, hpce.aes414.direct_fourier_transform_parfor_inner, 4, 4, 107, 6.6972, 0.00073
10, hpce.aes414.direct_fourier_transform_parfor_inner, 4, 4, 128, 6.99139, 0.000921
10, hpce.aes414.direct_fourier_transform_parfor_inner, 4, 4, 152, 15.2411, 0.00121
10, hpce.aes414.direct_fourier_transform_parfor_inner, 4, 4, 181, 4.25256, 0.001971
10, hpce.aes414.direct_fourier_transform_parfor_inner, 4, 4, 215, 6.5401, 0.003319
10, hpce.aes414.direct_fourier_transform_parfor_inner, 4, 4, 256, 7.77228, 0.00314
10, hpce.aes414.direct_fourier_transform_parfor_inner, 4, 4, 304, 7.41879, 0.003964
10, hpce.aes414.direct_fourier_transform_parfor_inner, 4, 4, 362, 17.4657, 0.006219
10, hpce.aes414.direct_fourier_transform_parfor_inner, 4, 4, 430, 18.7009, 0.007978
10, hpce.aes414.direct_fourier_transform_parfor_inner, 4, 4, 512, 6.38456, 0.009925
10, hpce.aes414.direct_fourier_transform_parfor_inner, 4, 4, 608, 21.7851, 0.020299
10, hpce.aes414.direct_fourier_transform_parfor_inner, 4, 4, 724, 8.56682, 0.025891
10, hpce.aes414.direct_fourier_transform_parfor_inner, 4, 4, 861, 10.009, 0.031852
10, hpce.aes414.direct_fourier_transform_parfor_inner, 4, 4, 1024, 15.0743, 0.037024
10, hpce.aes414.direct_fourier_transform_parfor_inner, 4, 4, 1217, 30.1267, 0.051209
10, hpce.aes414.direct_fourier_transform_parfor_inner, 4, 4, 1448, 32.4621, 0.074692
10, hpce.aes414.direct_fourier_transform_parfor_inner, 4, 4, 1722, 26.774, 0.118621
10, hpce.aes414.direct_fourier_transform_parfor_inner, 4, 4, 2048, 50.2559, 0.134745
10, hpce.aes414.direct_fourier_transform_parfor_inner, 4, 4, 2435, 37.1636, 0.189181
10, hpce.aes414.direct_fourier_transform_parfor_inner, 4, 4, 2896, 19.2577, 0.307291
10, hpce.aes414.direct_fourier_transform_parfor_inner, 4, 4, 3444, 28.0925, 0.417622
10, hpce.aes414.direct_fourier_transform_parfor_inner, 4, 4, 4096, 41.5433, 0.525923
10, hpce.aes414.direct_fourier_transform_parfor_inner, 4, 4, 4870, 100.905, 0.695893
10, hpce.aes414.direct_fourier_transform_parfor_inner, 4, 4, 5792, 28.9433, 1.14495
10, hpce.aes414.direct_fourier_transform_parfor_inner, 4, 4, 6888, 74.038, 1.51435
10, hpce.aes414.direct_fourier_transform_parfor_inner, 4, 4, 8192, 105.398, 2.02638
10, hpce.aes414.direct_fourier_transform_parfor_inner, 4, 4, 9741, 59.7546, 2.80266
10, hpce.aes414.direct_fourier_transform_parfor_inner, 4, 4, 11585, 144.806, 4.60226
10, hpce.aes414.direct_fourier_transform_parfor_inner, 4, 4, 13777, 81.4108, 6.02618
10, hpce.aes414.direct_fourier_transform_parfor_inner, 4, 4, 16384, 83.2001, 8.17646
10, hpce.aes414.direct_fourier_transform_parfor_inner, 4, 4, 19483, 89.3567, 10.8379
10, hpce.aes414.direct_fourier_transform_parfor_inner, 4, 4, 23170, 81.6447, 17.973
10, hpce.aes414.direct_fourier_transform_parfor_inner, 4, 4, 27554, 221.942, 23.8433
10, hpce.aes414.direct_fourier_transform_parfor_inner, 4, 4, 32768, 114.539, 33.2389
11, hpce.aes414.direct_fourier_transform_parfor_inner, 4, 4, 16, 5.08428, 0.000201
11, hpce.aes414.direct_fourier_transform_parfor_inner, 4, 4, 19, 4.44305, 4.2e-05
11, hpce.aes414.direct_fourier_transform_parfor_inner, 4, 4, 22, 3.74936, 4.6e-05
11, hpce.aes414.direct_fourier_transform_parfor_inner, 4, 4, 26, 6.00059, 8.3e-05
11, hpce.aes414.direct_fourier_transform_parfor_inner, 4, 4, 32, 5.12512, 0.000111
11, hpce.aes414.direct_fourier_transform_parfor_inner, 4, 4, 38, 12.0709, 0.000133
11, hpce.aes414.direct_fourier_transform_parfor_inner, 4, 4, 45, 6.4673, 0.000198
11, hpce.aes414.direct_fourier_transform_parfor_inner, 4, 4, 53, 10.349, 0.000235
11, hpce.aes414.direct_fourier_transform_parfor_inner, 4, 4, 64, 8.48267, 0.000305
11, hpce.aes414.direct_fourier_transform_parfor_inner, 4, 4, 76, 0.770689, 0.000403
11, hpce.aes414.direct_fourier_transform_parfor_inner, 4, 4, 90, 8.68704, 0.000522
11, hpce.aes414.direct_fourier_transform_parfor_inner, 4, 4, 107, 6.6972, 0.000738
11, hpce.aes414.direct_fourier_transform_parfor_inner, 4, 4, 128, 6.99139, 0.001001
11, hpce.aes414.direct_fourier_transform_parfor_inner, 4, 4, 152, 15.2411, 0.001164
11, hpce.aes414.direct_fourier_transform_parfor_inner, 4, 4, 181, 4.25256, 0.001707
11, hpce.aes414.direct_fourier_transform_parfor_inner, 4, 4, 215, 6.5401, 0.002271
11, hpce.aes414.direct_fourier_transform_parfor_inner, 4, 4, 256, 7.77228, 0.002838
11, hpce.aes414.direct_fourier_transform_parfor_inner, 4, 4, 304, 7.41879, 0.003684
11, hpce.aes414.direct_fourier_transform_parfor_inner, 4, 4, 362, 17.4657, 0.005638
11, hpce.aes414.direct_fourier_transform_parfor_inner, 4, 4, 430, 18.7009, 0.009128
11, hpce.aes414.direct_fourier_transform_parfor_inner, 4, 4, 512, 6.38456, 0.014515
11, hpce.aes414.direct_fourier_transform_parfor_inner, 4, 4, 608, 21.7851, 0.012865
11, hpce.aes414.direct_fourier_transform_parfor_inner, 4, 4, 724, 8.56682, 0.017798
11, hpce.aes414.direct_fourier_transform_parfor_inner, 4, 4, 861, 10.009, 0.03052
11, hpce.aes414.direct_fourier_transform_parfor_inner, 4, 4, 1024, 15.0743, 0.039402
11, hpce.aes414.direct_fourier_transform_parfor_inner, 4, 4, 1217, 30.1267, 0.053347
11, hpce.aes414.direct_fourier_transform_parfor_inner, 4, 4, 1448, 32.4621, 0.08252
11, hpce.aes414.direct_fourier_transform_parfor_inner, 4, 4, 1722, 26.774, 0.103349
11, hpce.aes414.direct_fourier_transform_parfor_inner, 4, 4, 2048, 50.2559, 0.143285
11, hpce.aes414.direct_fourier_transform_parfor_inner, 4, 4, 2435, 37.1636, 0.185172
11, hpce.aes414.direct_fourier_transform_parfor_inner, 4, 4, 2896, 19.2577, 0.27197
11, hpce.aes414.direct_fourier_transform_parfor_inner, 4, 4, 3444, 28.0925, 0.403488
11, hpce.aes414.direct_fourier_transform_parfor_inner, 4, 4, 4096, 41.5433, 0.518343
11, hpce.aes414.direct_fourier_transform_parfor_inner, 4, 4, 4870, 100.905, 0.701617
11, hpce.aes414.direct_fourier_transform_parfor_inner, 4, 4, 5792, 28.9433, 1.01343
11, hpce.aes414.direct_fourier_transform_parfor_inner, 4, 4, 6888, 74.038, 1.53304
11, hpce.aes414.direct_fourier_transform_parfor_inner, 4, 4, 8192, 105.398, 2.03709
11, hpce.aes414.direct_fourier_transform_parfor_inner, 4, 4, 9741, 59.7546, 2.75017
11, hpce.aes414.direct_fourier_transform_parfor_inner, 4, 4, 11585, 144.806, 3.98119
11, hpce.aes414.direct_fourier_transform_parfor_inner, 4, 4, 13777, 81.4108, 6.08676
11, hpce.aes414.direct_fourier_transform_parfor_inner, 4, 4, 16384, 83.2001, 8.07154
11, hpce.aes414.direct_fourier_transform_parfor_inner, 4, 4, 19483, 89.3567, 10.7645
11, hpce.aes414.direct_fourier_transform_parfor_inner, 4, 4, 23170, 81.6447, 15.7164
11, hpce.aes414.direct_fourier_transform_parfor_inner, 4, 4, 27554, 221.942, 23.9444
11, hpce.aes414.direct_fourier_transform_parfor_inner, 4, 4, 32768, 114.539, 32.0857
12, hpce.aes414.direct_fourier_transform_parfor_inner, 4, 4, 16, 5.08428, 9.9e-05
12, hpce.aes414.direct_fourier_transform_parfor_inner, 4, 4, 19, 4.44305, 4.4e-05
12, hpce.aes414.direct_fourier_transform_parfor_inner, 4, 4, 22, 3.74936, 5.5e-05
12, hpce.aes414.direct_fourier_transform_parfor_inner, 4, 4, 26, 6.00059, 8.3e-05
12, hpce.aes414.direct_fourier_transform_parfor_inner, 4, 4, 32, 5.12512, 0.000108
12, hpce.aes414.direct_fourier_transform_parfor_inner, 4, 4, 38, 12.0709, 0.000132
12, hpce.aes414.direct_fourier_transform_parfor_inner, 4, 4, 45, 6.4673, 0.000195
12, hpce.aes414.direct_fourier_transform_parfor_inner, 4, 4, 53, 10.349, 0.000284
12, hpce.aes414.direct_fourier_transform_parfor_inner, 4, 4, 64, 8.48267, 0.000333
12, hpce.aes414.direct_fourier_transform_parfor_inner, 4, 4, 76, 0.770689, 0.000398
12, hpce.aes414.direct_fourier_transform_parfor_inner, 4, 4, 90, 8.68704, 0.000486
12, hpce.aes414.direct_fourier_transform_parfor_inner, 4, 4, 107, 6.6972, 0.000722
12, hpce.aes414.direct_fourier_transform_parfor_inner, 4, 4, 128, 6.99139, 0.000936
12, hpce.aes414.direct_fourier_transform_parfor_inner, 4, 4, 152, 15.2411, 0.001178
12, hpce.aes414.direct_fourier_transform_parfor_inner, 4, 4, 181, 4.25256, 0.001507
12, hpce.aes414.direct_fourier_transform_parfor_inner, 4, 4, 215, 6.5401, 0.002303
12, hpce.aes414.direct_fourier_transform_parfor_inner, 4, 4, 256, 7.77228, 0.003082
12, hpce.aes414.direct_fourier_transform_parfor_inner, 4, 4, 304, 7.41879, 0.003697
12, hpce.aes414.direct_fourier_transform_parfor_inner, 4, 4, 362, 17.4657, 0.005485
12, hpce.aes414.direct_fourier_transform_parfor_inner, 4, 4, 430, 18.7009, 0.008385
12, hpce.aes414.direct_fourier_transform_parfor_inner, 4, 4, 512, 6.38456, 0.012539
12, hpce.aes414.direct_fourier_transform_parfor_inner, 4, 4, 608, 21.7851, 0.013402
12, hpce.aes414.direct_fourier_transform_parfor_inner, 4, 4, 724, 8.56682, 0.016745
12, hpce.aes414.direct_fourier_transform_parfor_inner, 4, 4, 861, 10.009, 0.031076
12, hpce.aes414.direct_fourier_transform_parfor_inner, 4, 4, 1024, 15.0743, 0.041299
12, hpce.aes414.direct_fourier_transform_parfor_inner, 4, 4, 1217, 30.1267, 0.050835
12, hpce.aes414.direct_fourier_transform_parfor_inner, 4, 4, 1448, 32.4621, 0.075124
12, hpce.aes414.direct_fourier_transform_parfor_inner, 4, 4, 1722, 26.774, 0.107931
12, hpce.aes414.direct_fourier_transform_parfor_inner, 4, 4, 2048, 50.2559, 0.148044
12, hpce.aes414.direct_fourier_transform_parfor_inner, 4, 4, 2435, 37.1636, 0.182533
12, hpce.aes414.direct_fourier_transform_parfor_inner, 4, 4, 2896, 19.2577, 0.236761
12, hpce.aes414.direct_fourier_transform_parfor_inner, 4, 4, 3444, 28.0925, 0.409821
12, hpce.aes414.direct_fourier_transform_parfor_inner, 4, 4, 4096, 41.5433, 0.526178
12, hpce.aes414.direct_fourier_transform_parfor_inner, 4, 4, 4870, 100.905, 0.707002
12, hpce.aes414.direct_fourier_transform_parfor_inner, 4, 4, 5792, 28.9433, 0.945203
12, hpce.aes414.direct_fourier_transform_parfor_inner, 4, 4, 6888, 74.038, 1.5171
12, hpce.aes414.direct_fourier_transform_parfor_inner, 4, 4, 8192, 105.398, 2.0691
12, hpce.aes414.direct_fourier_transform_parfor_inner, 4, 4, 9741, 59.7546, 2.72963
12, hpce.aes414.direct_fourier_transform_parfor_inner, 4, 4, 11585, 144.806, 3.70992
12, hpce.aes414.direct_fourier_transform_parfor_inner, 4, 4, 13777, 81.4108, 6.11403
12, hpce.aes414.direct_fourier_transform_parfor_inner, 4, 4, 16384, 83.2001, 8.13665
12, hpce.aes414.direct_fourier_transform_parfor_inner, 4, 4, 19483, 89.3567, 10.8479
12, hpce.aes414.direct_fourier_transform_parfor_inner, 4, 4, 23170, 81.6447, 15.9353
12, hpce.aes414.direct_fourier_transform_parfor_inner, 4, 4, 27554, 221.942, 25.4601
12, hpce.aes414.direct_fourier_transform_parfor_inner, 4, 4, 32768, 114.539, 32.0914
13, hpce.aes414.direct_fourier_transform_parfor_inner, 4, 4, 16, 5.08428, 0.000143
13, hpce.aes414.direct_fourier_transform_parfor_inner, 4, 4, 19, 4.44305, 4e-05
13, hpce.aes414.direct_fourier_transform_parfor_inner, 4, 4, 22, 3.74936, 4.7e-05
13, hpce.aes414.direct_fourier_transform_parfor_inner, 4, 4, 26, 6.00059, 6.5e-05
13, hpce.aes414.direct_fourier_transform_parfor_inner, 4, 4, 32, 5.12512, 0.000115
13, hpce.aes414.direct_fourier_transform_parfor_inner, 4, 4, 38, 12.0709, 0.000146
13, hpce.aes414.direct_fourier_transform_parfor_inner, 4, 4, 45, 6.4673, 0.000187
13, hpce.aes414.direct_fourier_transform_parfor_inner, 4, 4, 53, 10.349, 0.000265
13, hpce.aes414.direct_fourier_transform_parfor_inner, 4, 4, 64, 8.48267, 0.000359
13, hpce.aes414.direct_fourier_transform_parfor_inner, 4, 4, 76, 0.770689, 0.000448
13, hpce.aes414.direct_fourier_transform_parfor_inner, 4, 4, 90, 8.68704, 0.000501
13, hpce.aes414.direct_fourier_transform_parfor_inner, 4, 4, 107, 6.6972, 0.000686
13, hpce.aes414.direct_fourier_transform_parfor_inner, 4, 4, 128, 6.99139, 0.000934
13, hpce.aes414.direct_fourier_transform_parfor_inner, 4, 4, 152, 15.2411, 0.001291
13, hpce.aes414.direct_fourier_transform_parfor_inner, 4, 4, 181, 4.25256, 0.001628
13, hpce.aes414.direct_fourier_transform_parfor_inner, 4, 4, 215, 6.5401, 0.00208
13, hpce.aes414.direct_fourier_transform_parfor_inner, 4, 4, 256, 7.77228, 0.003129
13, hpce.aes414.direct_fourier_transform_parfor_inner, 4, 4, 304, 7.41879, 0.004314
13, hpce.aes414.direct_fourier_transform_parfor_inner, 4, 4, 362, 17.4657, 0.00501
13, hpce.aes414.direct_fourier_transform_parfor_inner, 4, 4, 430, 18.7009, 0.008777
13, hpce.aes414.direct_fourier_transform_parfor_inner, 4, 4, 512, 6.38456, 0.013288
13, hpce.aes414.direct_fourier_transform_parfor_inner, 4, 4, 608, 21.7851, 0.013424
13, hpce.aes414.direct_fourier_transform_parfor_inner, 4, 4, 724, 8.56682, 0.02752
13, hpce.aes414.direct_fourier_transform_parfor_inner, 4, 4, 861, 10.009, 0.024961
13, hpce.aes414.direct_fourier_transform_parfor_inner, 4, 4, 1024, 15.0743, 0.040137
13, hpce.aes414.direct_fourier_transform_parfor_inner, 4, 4, 1217, 30.1267, 0.047939
13, hpce.aes414.direct_fourier_transform_parfor_inner, 4, 4, 1448, 32.4621, 0.064079
13, hpce.aes414.direct_fourier_transform_parfor_inner, 4, 4, 1722, 26.774, 0.103104
13, hpce.aes414.direct_fourier_transform_parfor_inner, 4, 4, 2048, 50.2559, 0.132427
13, hpce.aes414.direct_fourier_transform_parfor_inner, 4, 4, 2435, 37.1636, 0.184335
13, hpce.aes414.direct_fourier_transform_parfor_inner, 4, 4, 2896, 19.2577, 0.253625
13, hpce.aes414.direct_fourier_transform_parfor_inner, 4, 4, 3444, 28.0925, 0.385113
13, hpce.aes414.direct_fourier_transform_parfor_inner, 4, 4, 4096, 41.5433, 0.525869
13, hpce.aes414.direct_fourier_transform_parfor_inner, 4, 4, 4870, 100.905, 0.700456
13, hpce.aes414.direct_fourier_transform_parfor_inner, 4, 4, 5792, 28.9433, 0.962473
13, hpce.aes414.direct_fourier_transform_parfor_inner, 4, 4, 6888, 74.038, 1.38153
13, hpce.aes414.direct_fourier_transform_parfor_inner, 4, 4, 8192, 105.398, 2.03668
13, hpce.aes414.direct_fourier_transform_parfor_inner, 4, 4, 9741, 59.7546, 2.72837
13, hpce.aes414.direct_fourier_transform_parfor_inner, 4, 4, 11585, 144.806, 3.71134
13, hpce.aes414.direct_fourier_transform_parfor_inner, 4, 4, 13777, 81.4108, 5.56405
13, hpce.aes414.direct_fourier_transform_parfor_inner, 4, 4, 16384, 83.2001, 8.13832
13, hpce.aes414.direct_fourier_transform_parfor_inner, 4, 4, 19483, 89.3567, 10.8481
13, hpce.aes414.direct_fourier_transform_parfor_inner, 4, 4, 23170, 81.6447, 15.1655
13, hpce.aes414.direct_fourier_transform_parfor_inner, 4, 4, 27554, 221.942, 21.8416
13, hpce.aes414.direct_fourier_transform_parfor_inner, 4, 4, 32768, 114.539, 32.1384
14, hpce.aes414.direct_fourier_transform_parfor_inner, 4, 4, 16, 5.08428, 0.000147
14, hpce.aes414.direct_fourier_transform_parfor_inner, 4, 4, 19, 4.44305, 4.4e-05
14, hpce.aes414.direct_fourier_transform_parfor_inner, 4, 4, 22, 3.74936, 4.9e-05
14, hpce.aes414.direct_fourier_transform_parfor_inner, 4, 4, 26, 6.00059, 6.7e-05
14, hpce.aes414.direct_fourier_transform_parfor_inner, 4, 4, 32, 5.12512, 0.000104
14, hpce.aes414.direct_fourier_transform_parfor_inner, 4, 4, 38, 12.0709, 0.000136
14, hpce.aes414.direct_fourier_transform_parfor_inner, 4, 4, 45, 6.4673, 0.000178
14, hpce.aes414.direct_fourier_transform_parfor_inner, 4, 4, 53, 10.349, 0.000224
14, hpce.aes414.direct_fourier_transform_parfor_inner, 4, 4, 64, 8.48267, 0.000351
14, hpce.aes414.direct_fourier_transform_parfor_inner, 4, 4, 76, 0.770689, 0.000396
14, hpce.aes414.direct_fourier_transform_parfor_inner, 4, 4, 90, 8.68704, 0.000504
14, hpce.aes414.direct_fourier_transform_parfor_inner, 4, 4, 107, 6.6972, 0.000641
14, hpce.aes414.direct_fourier_transform_parfor_inner, 4, 4, 128, 6.99139, 0.001059
14, hpce.aes414.direct_fourier_transform_parfor_inner, 4, 4, 152, 15.2411, 0.001548
14, hpce.aes414.direct_fourier_transform_parfor_inner, 4, 4, 181, 4.25256, 0.001786
14, hpce.aes414.direct_fourier_transform_parfor_inner, 4, 4, 215, 6.5401, 0.002428
14, hpce.aes414.direct_fourier_transform_parfor_inner, 4, 4, 256, 7.77228, 0.003596
14, hpce.aes414.direct_fourier_transform_parfor_inner, 4, 4, 304, 7.41879, 0.007094
14, hpce.aes414.direct_fourier_transform_parfor_inner, 4, 4, 362, 17.4657, 0.008353
14, hpce.aes414.direct_fourier_transform_parfor_inner, 4, 4, 430, 18.7009, 0.007852
14, hpce.aes414.direct_fourier_transform_parfor_inner, 4, 4, 512, 6.38456, 0.012726
14, hpce.aes414.direct_fourier_transform_parfor_inner, 4, 4, 608, 21.7851, 0.015903
14, hpce.aes414.direct_fourier_transform_parfor_inner, 4, 4, 724, 8.56682, 0.018113
14, hpce.aes414.direct_fourier_transform_parfor_inner, 4, 4, 861, 10.009, 0.030333
14, hpce.aes414.direct_fourier_transform_parfor_inner, 4, 4, 1024, 15.0743, 0.042104
14, hpce.aes414.direct_fourier_transform_parfor_inner, 4, 4, 1217, 30.1267, 0.051744
14, hpce.aes414.direct_fourier_transform_parfor_inner, 4, 4, 1448, 32.4621, 0.071942
14, hpce.aes414.direct_fourier_transform_parfor_inner, 4, 4, 1722, 26.774, 0.086381
14, hpce.aes414.direct_fourier_transform_parfor_inner, 4, 4, 2048, 50.2559, 0.14382
14, hpce.aes414.direct_fourier_transform_parfor_inner, 4, 4, 2435, 37.1636, 0.180513
14, hpce.aes414.direct_fourier_transform_parfor_inner, 4, 4, 2896, 19.2577, 0.258234
14, hpce.aes414.direct_fourier_transform_parfor_inner, 4, 4, 3444, 28.0925, 0.35161
14, hpce.aes414.direct_fourier_transform_parfor_inner, 4, 4, 4096, 41.5433, 0.525965
14, hpce.aes414.direct_fourier_transform_parfor_inner, 4, 4, 4870, 100.905, 0.701609
14, hpce.aes414.direct_fourier_transform_parfor_inner, 4, 4, 5792, 28.9433, 0.943928
14, hpce.aes414.direct_fourier_transform_parfor_inner, 4, 4, 6888, 74.038, 1.29738
14, hpce.aes414.direct_fourier_transform_parfor_inner, 4, 4, 8192, 105.398, 2.03243
14, hpce.aes414.direct_fourier_transform_parfor_inner, 4, 4, 9741, 59.7546, 2.75804
14, hpce.aes414.direct_fourier_transform_parfor_inner, 4, 4, 11585, 144.806, 3.7057
14, hpce.aes414.direct_fourier_transform_parfor_inner, 4, 4, 13777, 81.4108, 5.02445
14, hpce.aes414.direct_fourier_transform_parfor_inner, 4, 4, 16384, 83.2001, 8.13621
14, hpce.aes414.direct_fourier_transform_parfor_inner, 4, 4, 19483, 89.3567, 10.8416
14, hpce.aes414.direct_fourier_transform_parfor_inner, 4, 4, 23170, 81.6447, 14.6355
14, hpce.aes414.direct_fourier_transform_parfor_inner, 4, 4, 27554, 221.942, 20.1023
14, hpce.aes414.direct_fourier_transform_parfor_inner, 4, 4, 32768, 114.539, 32.1755
15, hpce.aes414.direct_fourier_transform_parfor_inner, 4, 4, 16, 5.08428, 0.000159
15, hpce.aes414.direct_fourier_transform_parfor_inner, 4, 4, 19, 4.44305, 4.3e-05
15, hpce.aes414.direct_fourier_transform_parfor_inner, 4, 4, 22, 3.74936, 5.1e-05
15, hpce.aes414.direct_fourier_transform_parfor_inner, 4, 4, 26, 6.00059, 6.5e-05
15, hpce.aes414.direct_fourier_transform_parfor_inner, 4, 4, 32, 5.12512, 0.000111
15, hpce.aes414.direct_fourier_transform_parfor_inner, 4, 4, 38, 12.0709, 0.000153
15, hpce.aes414.direct_fourier_transform_parfor_inner, 4, 4, 45, 6.4673, 0.000199
15, hpce.aes414.direct_fourier_transform_parfor_inner, 4, 4, 53, 10.349, 0.000244
15, hpce.aes414.direct_fourier_transform_parfor_inner, 4, 4, 64, 8.48267, 0.000321
15, hpce.aes414.direct_fourier_transform_parfor_inner, 4, 4, 76, 0.770689, 0.00039
15, hpce.aes414.direct_fourier_transform_parfor_inner, 4, 4, 90, 8.68704, 0.000501
15, hpce.aes414.direct_fourier_transform_parfor_inner, 4, 4, 107, 6.6972, 0.000675
15, hpce.aes414.direct_fourier_transform_parfor_inner, 4, 4, 128, 6.99139, 0.000934
15, hpce.aes414.direct_fourier_transform_parfor_inner, 4, 4, 152, 15.2411, 0.001178
15, hpce.aes414.direct_fourier_transform_parfor_inner, 4, 4, 181, 4.25256, 0.001831
15, hpce.aes414.direct_fourier_transform_parfor_inner, 4, 4, 215, 6.5401, 0.002522
15, hpce.aes414.direct_fourier_transform_parfor_inner, 4, 4, 256, 7.77228, 0.003831
15, hpce.aes414.direct_fourier_transform_parfor_inner, 4, 4, 304, 7.41879, 0.004771
15, hpce.aes414.direct_fourier_transform_parfor_inner, 4, 4, 362, 17.4657, 0.005929
15, hpce.aes414.direct_fourier_transform_parfor_inner, 4, 4, 430, 18.7009, 0.00692
15, hpce.aes414.direct_fourier_transform_parfor_inner, 4, 4, 512, 6.38456, 0.009799
15, hpce.aes414.direct_fourier_transform_parfor_inner, 4, 4, 608, 21.7851, 0.01232
15, hpce.aes414.direct_fourier_transform_parfor_inner, 4, 4, 724, 8.56682, 0.021331
15, hpce.aes414.direct_fourier_transform_parfor_inner, 4, 4, 861, 10.009, 0.022988
15, hpce.aes414.direct_fourier_transform_parfor_inner, 4, 4, 1024, 15.0743, 0.039907
15, hpce.aes414.direct_fourier_transform_parfor_inner, 4, 4, 1217, 30.1267, 0.066231
15, hpce.aes414.direct_fourier_transform_parfor_inner, 4, 4, 1448, 32.4621, 0.063849
15, hpce.aes414.direct_fourier_transform_parfor_inner, 4, 4, 1722, 26.774, 0.085712
15, hpce.aes414.direct_fourier_transform_parfor_inner, 4, 4, 2048, 50.2559, 0.143124
15, hpce.aes414.direct_fourier_transform_parfor_inner, 4, 4, 2435, 37.1636, 0.184464
15, hpce.aes414.direct_fourier_transform_parfor_inner, 4, 4, 2896, 19.2577, 0.244803
15, hpce.aes414.direct_fourier_transform_parfor_inner, 4, 4, 3444, 28.0925, 0.337487
15, hpce.aes414.direct_fourier_transform_parfor_inner, 4, 4, 4096, 41.5433, 0.530866
15, hpce.aes414.direct_fourier_transform_parfor_inner, 4, 4, 4870, 100.905, 0.701244
15, hpce.aes414.direct_fourier_transform_parfor_inner, 4, 4, 5792, 28.9433, 0.946155
15, hpce.aes414.direct_fourier_transform_parfor_inner, 4, 4, 6888, 74.038, 1.2699
15, hpce.aes414.direct_fourier_transform_parfor_inner, 4, 4, 8192, 105.398, 2.03495
15, hpce.aes414.direct_fourier_transform_parfor_inner, 4, 4, 9741, 59.7546, 2.76251
15, hpce.aes414.direct_fourier_transform_parfor_inner, 4, 4, 11585, 144.806, 4.26918
15, hpce.aes414.direct_fourier_transform_parfor_inner, 4, 4, 13777, 81.4108, 6.93567
15, hpce.aes414.direct_fourier_transform_parfor_inner, 4, 4, 16384, 83.2001, 8.17639
15, hpce.aes414.direct_fourier_transform_parfor_inner, 4, 4, 19483, 89.3567, 10.8798
15, hpce.aes414.direct_fourier_transform_parfor_inner, 4, 4, 23170, 81.6447, 14.6786
15, hpce.aes414.direct_fourier_transform_parfor_inner, 4, 4, 27554, 221.942, 19.897
15, hpce.aes414.direct_fourier_transform_parfor_inner, 4, 4, 32768, 114.539, 32.0277
16, hpce.aes414.direct_fourier_transform_parfor_inner, 4, 4, 16, 5.08428, 8.3e-05
16, hpce.aes414.direct_fourier_transform_parfor_inner, 4, 4, 19, 4.44305, 9.3e-05
16, hpce.aes414.direct_fourier_transform_parfor_inner, 4, 4, 22, 3.74936, 5.1e-05
16, hpce.aes414.direct_fourier_transform_parfor_inner, 4, 4, 26, 6.00059, 6.8e-05
16, hpce.aes414.direct_fourier_transform_parfor_inner, 4, 4, 32, 5.12512, 9.4e-05
16, hpce.aes414.direct_fourier_transform_parfor_inner, 4, 4, 38, 12.0709, 0.000139
16, hpce.aes414.direct_fourier_transform_parfor_inner, 4, 4, 45, 6.4673, 0.000179
16, hpce.aes414.direct_fourier_transform_parfor_inner, 4, 4, 53, 10.349, 0.000234
16, hpce.aes414.direct_fourier_transform_parfor_inner, 4, 4, 64, 8.48267, 0.000283
16, hpce.aes414.direct_fourier_transform_parfor_inner, 4, 4, 76, 0.770689, 0.00041
16, hpce.aes414.direct_fourier_transform_parfor_inner, 4, 4, 90, 8.68704, 0.000502
16, hpce.aes414.direct_fourier_transform_parfor_inner, 4, 4, 107, 6.6972, 0.000646
16, hpce.aes414.direct_fourier_transform_parfor_inner, 4, 4, 128, 6.99139, 0.000828
16, hpce.aes414.direct_fourier_transform_parfor_inner, 4, 4, 152, 15.2411, 0.001298
16, hpce.aes414.direct_fourier_transform_parfor_inner, 4, 4, 181, 4.25256, 0.001511
16, hpce.aes414.direct_fourier_transform_parfor_inner, 4, 4, 215, 6.5401, 0.00207
16, hpce.aes414.direct_fourier_transform_parfor_inner, 4, 4, 256, 7.77228, 0.002673
16, hpce.aes414.direct_fourier_transform_parfor_inner, 4, 4, 304, 7.41879, 0.003678
16, hpce.aes414.direct_fourier_transform_parfor_inner, 4, 4, 362, 17.4657, 0.004822
16, hpce.aes414.direct_fourier_transform_parfor_inner, 4, 4, 430, 18.7009, 0.008086
16, hpce.aes414.direct_fourier_transform_parfor_inner, 4, 4, 512, 6.38456, 0.018208
16, hpce.aes414.direct_fourier_transform_parfor_inner, 4, 4, 608, 21.7851, 0.0191
16, hpce.aes414.direct_fourier_transform_parfor_inner, 4, 4, 724, 8.56682, 0.01995
16, hpce.aes414.direct_fourier_transform_parfor_inner, 4, 4, 861, 10.009, 0.024578
16, hpce.aes414.direct_fourier_transform_parfor_inner, 4, 4, 1024, 15.0743, 0.035189
16, hpce.aes414.direct_fourier_transform_parfor_inner, 4, 4, 1217, 30.1267, 0.047276
16, hpce.aes414.direct_fourier_transform_parfor_inner, 4, 4, 1448, 32.4621, 0.061763
16, hpce.aes414.direct_fourier_transform_parfor_inner, 4, 4, 1722, 26.774, 0.093008
16, hpce.aes414.direct_fourier_transform_parfor_inner, 4, 4, 2048, 50.2559, 0.11495
16, hpce.aes414.direct_fourier_transform_parfor_inner, 4, 4, 2435, 37.1636, 0.19458
16, hpce.aes414.direct_fourier_transform_parfor_inner, 4, 4, 2896, 19.2577, 0.253519
16, hpce.aes414.direct_fourier_transform_parfor_inner, 4, 4, 3444, 28.0925, 0.348387
16, hpce.aes414.direct_fourier_transform_parfor_inner, 4, 4, 4096, 41.5433, 0.443412
16, hpce.aes414.direct_fourier_transform_parfor_inner, 4, 4, 4870, 100.905, 0.706431
16, hpce.aes414.direct_fourier_transform_parfor_inner, 4, 4, 5792, 28.9433, 0.944224
16, hpce.aes414.direct_fourier_transform_parfor_inner, 4, 4, 6888, 74.038, 1.28694
16, hpce.aes414.direct_fourier_transform_parfor_inner, 4, 4, 8192, 105.398, 1.73984
16, hpce.aes414.direct_fourier_transform_parfor_inner, 4, 4, 9741, 59.7546, 2.71917
16, hpce.aes414.direct_fourier_transform_parfor_inner, 4, 4, 11585, 144.806, 3.69769
16, hpce.aes414.direct_fourier_transform_parfor_inner, 4, 4, 13777, 81.4108, 5.00181
16, hpce.aes414.direct_fourier_transform_parfor_inner, 4, 4, 16384, 83.2001, 6.84275
16, hpce.aes414.direct_fourier_transform_parfor_inner, 4, 4, 19483, 89.3567, 10.7852
16, hpce.aes414.direct_fourier_transform_parfor_inner, 4, 4, 23170, 81.6447, 14.675
16, hpce.aes414.direct_fourier_transform_parfor_inner, 4, 4, 27554, 221.942, 19.8411
16, hpce.aes414.direct_fourier_transform_parfor_inner, 4, 4, 32768, 114.539, 27.3083
16, hpce.aes414.direct_fourier_transform_parfor_inner, 4, 4, 38967, 242.634, 42.9015
2, hpce.aes414.direct_fourier_transform_parfor_inner, 4, 4, 16, 5.08428, 0.000163
2, hpce.aes414.direct_fourier_transform_parfor_inner, 4, 4, 19, 4.44305, 8e-05
2, hpce.aes414.direct_fourier_transform_parfor_inner, 4, 4, 22, 3.74936, 9.7e-05
2, hpce.aes414.direct_fourier_transform_parfor_inner, 4, 4, 26, 6.00059, 0.000122
2, hpce.aes414.direct_fourier_transform_parfor_inner, 4, 4, 32, 5.12512, 0.000159
2, hpce.aes414.direct_fourier_transform_parfor_inner, 4, 4, 38, 12.0709, 0.000216
2, hpce.aes414.direct_fourier_transform_parfor_inner, 4, 4, 45, 6.4673, 0.000282
2, hpce.aes414.direct_fourier_transform_parfor_inner, 4, 4, 53, 10.349, 0.000368
2, hpce.aes414.direct_fourier_transform_parfor_inner, 4, 4, 64, 8.48267, 0.00044
2, hpce.aes414.direct_fourier_transform_parfor_inner, 4, 4, 76, 0.770689, 0.000633
2, hpce.aes414.direct_fourier_transform_parfor_inner, 4, 4, 90, 8.68704, 0.000846
2, hpce.aes414.direct_fourier_transform_parfor_inner, 4, 4, 107, 6.6972, 0.001149
2, hpce.aes414.direct_fourier_transform_parfor_inner, 4, 4, 128, 6.99139, 0.00134
2, hpce.aes414.direct_fourier_transform_parfor_inner, 4, 4, 152, 15.2411, 0.002995
2, hpce.aes414.direct_fourier_transform_parfor_inner, 4, 4, 181, 4.25256, 0.003659
2, hpce.aes414.direct_fourier_transform_parfor_inner, 4, 4, 215, 6.5401, 0.004575
2, hpce.aes414.direct_fourier_transform_parfor_inner, 4, 4, 256, 7.77228, 0.005512
2, hpce.aes414.direct_fourier_transform_parfor_inner, 4, 4, 304, 7.41879, 0.007911
2, hpce.aes414.direct_fourier_transform_parfor_inner, 4, 4, 362, 17.4657, 0.017314
2, hpce.aes414.direct_fourier_transform_parfor_inner, 4, 4, 430, 18.7009, 0.01639
2, hpce.aes414.direct_fourier_transform_parfor_inner, 4, 4, 512, 6.38456, 0.015852
2, hpce.aes414.direct_fourier_transform_parfor_inner, 4, 4, 608, 21.7851, 0.023421
2, hpce.aes414.direct_fourier_transform_parfor_inner, 4, 4, 724, 8.56682, 0.035532
2, hpce.aes414.direct_fourier_transform_parfor_inner, 4, 4, 861, 10.009, 0.047903
2, hpce.aes414.direct_fourier_transform_parfor_inner, 4, 4, 1024, 15.0743, 0.062106
2, hpce.aes414.direct_fourier_transform_parfor_inner, 4, 4, 1217, 30.1267, 0.090584
2, hpce.aes414.direct_fourier_transform_parfor_inner, 4, 4, 1448, 32.4621, 0.13421
2, hpce.aes414.direct_fourier_transform_parfor_inner, 4, 4, 1722, 26.774, 0.180531
2, hpce.aes414.direct_fourier_transform_parfor_inner, 4, 4, 2048, 50.2559, 0.234514
2, hpce.aes414.direct_fourier_transform_parfor_inner, 4, 4, 2435, 37.1636, 0.36426
2, hpce.aes414.direct_fourier_transform_parfor_inner, 4, 4, 2896, 19.2577, 0.555037
2, hpce.aes414.direct_fourier_transform_parfor_inner, 4, 4, 3444, 28.0925, 0.735447
2, hpce.aes414.direct_fourier_transform_parfor_inner, 4, 4, 4096, 41.5433, 0.881101
2, hpce.aes414.direct_fourier_transform_parfor_inner, 4, 4, 4870, 100.905, 1.3891
2, hpce.aes414.direct_fourier_transform_parfor_inner, 4, 4, 5792, 28.9433, 2.08114
2, hpce.aes414.direct_fourier_transform_parfor_inner, 4, 4, 6888, 74.038, 2.81188
2, hpce.aes414.direct_fourier_transform_parfor_inner, 4, 4, 8192, 105.398, 3.48849
2, hpce.aes414.direct_fourier_transform_parfor_inner, 4, 4, 9741, 59.7546, 5.40999
2, hpce.aes414.direct_fourier_transform_parfor_inner, 4, 4, 11585, 144.806, 8.36205
2, hpce.aes414.direct_fourier_transform_parfor_inner, 4, 4, 13777, 81.4108, 10.888
2, hpce.aes414.direct_fourier_transform_parfor_inner, 4, 4, 16384, 83.2001, 13.4103
2, hpce.aes414.direct_fourier_transform_parfor_inner, 4, 4, 19483, 89.3567, 21.1423
2, hpce.aes414.direct_fourier_transform_parfor_inner, 4, 4, 23170, 81.6447, 31.6631
3, hpce.aes414.direct_fourier_transform_parfor_inner, 4, 4, 16, 5.08428, 0.000143
3, hpce.aes414.direct_fourier_transform_parfor_inner, 4, 4, 19, 4.44305, 6.6e-05
3, hpce.aes414.direct_fourier_transform_parfor_inner, 4, 4, 22, 3.74936, 7.8e-05
3, hpce.aes414.direct_fourier_transform_parfor_inner, 4, 4, 26, 6.00059, 0.000105
3, hpce.aes414.direct_fourier_transform_parfor_inner, 4, 4, 32, 5.12512, 0.000156
3, hpce.aes414.direct_fourier_transform_parfor_inner, 4, 4, 38, 12.0709, 0.000192
3, hpce.aes414.direct_fourier_transform_parfor_inner, 4, 4, 45, 6.4673, 0.000232
3, hpce.aes414.direct_fourier_transform_parfor_inner, 4, 4, 53, 10.349, 0.000309
3, hpce.aes414.direct_fourier_transform_parfor_inner, 4, 4, 64, 8.48267, 0.000446
3, hpce.aes414.direct_fourier_transform_parfor_inner, 4, 4, 76, 0.770689, 0.000762
3, hpce.aes414.direct_fourier_transform_parfor_inner, 4, 4, 90, 8.68704, 0.000785
3, hpce.aes414.direct_fourier_transform_parfor_inner, 4, 4, 107, 6.6972, 0.000959
3, hpce.aes414.direct_fourier_transform_parfor_inner, 4, 4, 128, 6.99139, 0.001348
3, hpce.aes414.direct_fourier_transform_parfor_inner, 4, 4, 152, 15.2411, 0.001682
3, hpce.aes414.direct_fourier_transform_parfor_inner, 4, 4, 181, 4.25256, 0.002171
3, hpce.aes414.direct_fourier_transform_parfor_inner, 4, 4, 215, 6.5401, 0.003055
3, hpce.aes414.direct_fourier_transform_parfor_inner, 4, 4, 256, 7.77228, 0.00527
3, hpce.aes414.direct_fourier_transform_parfor_inner, 4, 4, 304, 7.41879, 0.00549
3, hpce.aes414.direct_fourier_transform_parfor_inner, 4, 4, 362, 17.4657, 0.00695
3, hpce.aes414.direct_fourier_transform_parfor_inner, 4, 4, 430, 18.7009, 0.01325
3, hpce.aes414.direct_fourier_transform_parfor_inner, 4, 4, 512, 6.38456, 0.01613
3, hpce.aes414.direct_fourier_transform_parfor_inner, 4, 4, 608, 21.7851, 0.020666
3, hpce.aes414.direct_fourier_transform_parfor_inner, 4, 4, 724, 8.56682, 0.033636
3, hpce.aes414.direct_fourier_transform_parfor_inner, 4, 4, 861, 10.009, 0.047918
3, hpce.aes414.direct_fourier_transform_parfor_inner, 4, 4, 1024, 15.0743, 0.075457
3, hpce.aes414.direct_fourier_transform_parfor_inner, 4, 4, 1217, 30.1267, 0.076158
3, hpce.aes414.direct_fourier_transform_parfor_inner, 4, 4, 1448, 32.4621, 0.099071
3, hpce.aes414.direct_fourier_transform_parfor_inner, 4, 4, 1722, 26.774, 0.144553
3, hpce.aes414.direct_fourier_transform_parfor_inner, 4, 4, 2048, 50.2559, 0.222111
3, hpce.aes414.direct_fourier_transform_parfor_inner, 4, 4, 2435, 37.1636, 0.29309
3, hpce.aes414.direct_fourier_transform_parfor_inner, 4, 4, 2896, 19.2577, 0.377466
3, hpce.aes414.direct_fourier_transform_parfor_inner, 4, 4, 3444, 28.0925, 0.533165
3, hpce.aes414.direct_fourier_transform_parfor_inner, 4, 4, 4096, 41.5433, 0.843679
3, hpce.aes414.direct_fourier_transform_parfor_inner, 4, 4, 4870, 100.905, 1.07431
3, hpce.aes414.direct_fourier_transform_parfor_inner, 4, 4, 5792, 28.9433, 1.4108
3, hpce.aes414.direct_fourier_transform_parfor_inner, 4, 4, 6888, 74.038, 2.09604
3, hpce.aes414.direct_fourier_transform_parfor_inner, 4, 4, 8192, 105.398, 3.3486
3, hpce.aes414.direct_fourier_transform_parfor_inner, 4, 4, 9741, 59.7546, 4.26769
3, hpce.aes414.direct_fourier_transform_parfor_inner, 4, 4, 11585, 144.806, 5.41359
3, hpce.aes414.direct_fourier_transform_parfor_inner, 4, 4, 13777, 81.4108, 8.4
3, hpce.aes414.direct_fourier_transform_parfor_inner, 4, 4, 16384, 83.2001, 13.3927
3, hpce.aes414.direct_fourier_transform_parfor_inner, 4, 4, 19483, 89.3567, 16.8519
3, hpce.aes414.direct_fourier_transform_parfor_inner, 4, 4, 23170, 81.6447, 21.7239
3, hpce.aes414.direct_fourier_transform_parfor_inner, 4, 4, 27554, 221.942, 34.0297
4, hpce.aes414.direct_fourier_transform_parfor_inner, 4, 4, 16, 5.08428, 0.000106
4, hpce.aes414.direct_fourier_transform_parfor_inner, 4, 4, 19, 4.44305, 6.6e-05
4, hpce.aes414.direct_fourier_transform_parfor_inner, 4, 4, 22, 3.74936, 8.4e-05
4, hpce.aes414.direct_fourier_transform_parfor_inner, 4, 4, 26, 6.00059, 9.7e-05
4, hpce.aes414.direct_fourier_transform_parfor_inner, 4, 4, 32, 5.12512, 0.000125
4, hpce.aes414.direct_fourier_transform_parfor_inner, 4, 4, 38, 12.0709, 0.00018
4, hpce.aes414.direct_fourier_transform_parfor_inner, 4, 4, 45, 6.4673, 0.000231
4, hpce.aes414.direct_fourier_transform_parfor_inner, 4, 4, 53, 10.349, 0.000287
4, hpce.aes414.direct_fourier_transform_parfor_inner, 4, 4, 64, 8.48267, 0.000365
4, hpce.aes414.direct_fourier_transform_parfor_inner, 4, 4, 76, 0.770689, 0.000531
4, hpce.aes414.direct_fourier_transform_parfor_inner, 4, 4, 90, 8.68704, 0.000678
4, hpce.aes414.direct_fourier_transform_parfor_inner, 4, 4, 107, 6.6972, 0.000856
4, hpce.aes414.direct_fourier_transform_parfor_inner, 4, 4, 128, 6.99139, 0.001083
4, hpce.aes414.direct_fourier_transform_parfor_inner, 4, 4, 152, 15.2411, 0.00163
4, hpce.aes414.direct_fourier_transform_parfor_inner, 4, 4, 181, 4.25256, 0.002172
4, hpce.aes414.direct_fourier_transform_parfor_inner, 4, 4, 215, 6.5401, 0.002625
4, hpce.aes414.direct_fourier_transform_parfor_inner, 4, 4, 256, 7.77228, 0.003329
4, hpce.aes414.direct_fourier_transform_parfor_inner, 4, 4, 304, 7.41879, 0.005745
4, hpce.aes414.direct_fourier_transform_parfor_inner, 4, 4, 362, 17.4657, 0.006957
4, hpce.aes414.direct_fourier_transform_parfor_inner, 4, 4, 430, 18.7009, 0.008755
4, hpce.aes414.direct_fourier_transform_parfor_inner, 4, 4, 512, 6.38456, 0.011275
4, hpce.aes414.direct_fourier_transform_parfor_inner, 4, 4, 608, 21.7851, 0.018059
4, hpce.aes414.direct_fourier_transform_parfor_inner, 4, 4, 724, 8.56682, 0.024399
4, hpce.aes414.direct_fourier_transform_parfor_inner, 4, 4, 861, 10.009, 0.0311
4, hpce.aes414.direct_fourier_transform_parfor_inner, 4, 4, 1024, 15.0743, 0.040161
4, hpce.aes414.direct_fourier_transform_parfor_inner, 4, 4, 1217, 30.1267, 0.066412
4, hpce.aes414.direct_fourier_transform_parfor_inner, 4, 4, 1448, 32.4621, 0.091478
4, hpce.aes414.direct_fourier_transform_parfor_inner, 4, 4, 1722, 26.774, 0.116326
4, hpce.aes414.direct_fourier_transform_parfor_inner, 4, 4, 2048, 50.2559, 0.163811
4, hpce.aes414.direct_fourier_transform_parfor_inner, 4, 4, 2435, 37.1636, 0.253515
4, hpce.aes414.direct_fourier_transform_parfor_inner, 4, 4, 2896, 19.2577, 0.34999
4, hpce.aes414.direct_fourier_transform_parfor_inner, 4, 4, 3444, 28.0925, 0.47832
4, hpce.aes414.direct_fourier_transform_parfor_inner, 4, 4, 4096, 41.5433, 0.722854
4, hpce.aes414.direct_fourier_transform_parfor_inner, 4, 4, 4870, 100.905, 2.58141
4, hpce.aes414.direct_fourier_transform_parfor_inner, 4, 4, 5792, 28.9433, 2.03388
4, hpce.aes414.direct_fourier_transform_parfor_inner, 4, 4, 6888, 74.038, 2.19719
4, hpce.aes414.direct_fourier_transform_parfor_inner, 4, 4, 8192, 105.398, 2.72768
4, hpce.aes414.direct_fourier_transform_parfor_inner, 4, 4, 9741, 59.7546, 4.66796
4, hpce.aes414.direct_fourier_transform_parfor_inner, 4, 4, 11585, 144.806, 6.66823
4, hpce.aes414.direct_fourier_transform_parfor_inner, 4, 4, 13777, 81.4108, 7.45474
4, hpce.aes414.direct_fourier_transform_parfor_inner, 4, 4, 16384, 83.2001, 9.70026
4, hpce.aes414.direct_fourier_transform_parfor_inner, 4, 4, 19483, 89.3567, 16.9031
4, hpce.aes414.direct_fourier_transform_parfor_inner, 4, 4, 23170, 81.6447, 23.9471
4, hpce.aes414.direct_fourier_transform_parfor_inner, 4, 4, 27554, 221.942, 28.1856
4, hpce.aes414.direct_fourier_transform_parfor_inner, 4, 4, 32768, 114.539, 36.8282
5, hpce.aes414.direct_fourier_transform_parfor_inner, 4, 4, 16, 5.08428, 9.2e-05
5, hpce.aes414.direct_fourier_transform_parfor_inner, 4, 4, 19, 4.44305, 5.6e-05
5, hpce.aes414.direct_fourier_transform_parfor_inner, 4, 4, 22, 3.74936, 7.8e-05
5, hpce.aes414.direct_fourier_transform_parfor_inner, 4, 4, 26, 6.00059, 9.7e-05
5, hpce.aes414.direct_fourier_transform_parfor_inner, 4, 4, 32, 5.12512, 0.000123
5, hpce.aes414.direct_fourier_transform_parfor_inner, 4, 4, 38, 12.0709, 0.000157
5, hpce.aes414.direct_fourier_transform_parfor_inner, 4, 4, 45, 6.4673, 0.00023
5, hpce.aes414.direct_fourier_transform_parfor_inner, 4, 4, 53, 10.349, 0.000289
5, hpce.aes414.direct_fourier_transform_parfor_inner, 4, 4, 64, 8.48267, 0.000355
5, hpce.aes414.direct_fourier_transform_parfor_inner, 4, 4, 76, 0.770689, 0.000466
5, hpce.aes414.direct_fourier_transform_parfor_inner, 4, 4, 90, 8.68704, 0.000666
5, hpce.aes414.direct_fourier_transform_parfor_inner, 4, 4, 107, 6.6972, 0.000862
5, hpce.aes414.direct_fourier_transform_parfor_inner, 4, 4, 128, 6.99139, 0.001071
5, hpce.aes414.direct_fourier_transform_parfor_inner, 4, 4, 152, 15.2411, 0.001313
5, hpce.aes414.direct_fourier_transform_parfor_inner, 4, 4, 181, 4.25256, 0.001986
5, hpce.aes414.direct_fourier_transform_parfor_inner, 4, 4, 215, 6.5401, 0.002579
5, hpce.aes414.direct_fourier_transform_parfor_inner, 4, 4, 256, 7.77228, 0.003246
5, hpce.aes414.direct_fourier_transform_parfor_inner, 4, 4, 304, 7.41879, 0.004476
5, hpce.aes414.direct_fourier_transform_parfor_inner, 4, 4, 362, 17.4657, 0.007469
5, hpce.aes414.direct_fourier_transform_parfor_inner, 4, 4, 430, 18.7009, 0.011329
5, hpce.aes414.direct_fourier_transform_parfor_inner, 4, 4, 512, 6.38456, 0.013797
5, hpce.aes414.direct_fourier_transform_parfor_inner, 4, 4, 608, 21.7851, 0.015221
5, hpce.aes414.direct_fourier_transform_parfor_inner, 4, 4, 724, 8.56682, 0.025736
5, hpce.aes414.direct_fourier_transform_parfor_inner, 4, 4, 861, 10.009, 0.03519
5, hpce.aes414.direct_fourier_transform_parfor_inner, 4, 4, 1024, 15.0743, 0.04357
5, hpce.aes414.direct_fourier_transform_parfor_inner, 4, 4, 1217, 30.1267, 0.053303
5, hpce.aes414.direct_fourier_transform_parfor_inner, 4, 4, 1448, 32.4621, 0.084546
5, hpce.aes414.direct_fourier_transform_parfor_inner, 4, 4, 1722, 26.774, 0.117985
5, hpce.aes414.direct_fourier_transform_parfor_inner, 4, 4, 2048, 50.2559, 0.156469
5, hpce.aes414.direct_fourier_transform_parfor_inner, 4, 4, 2435, 37.1636, 0.218632
5, hpce.aes414.direct_fourier_transform_parfor_inner, 4, 4, 2896, 19.2577, 0.329199
5, hpce.aes414.direct_fourier_transform_parfor_inner, 4, 4, 3444, 28.0925, 0.44661
5, hpce.aes414.direct_fourier_transform_parfor_inner, 4, 4, 4096, 41.5433, 0.586339
5, hpce.aes414.direct_fourier_transform_parfor_inner, 4, 4, 4870, 100.905, 0.789549
5, hpce.aes414.direct_fourier_transform_parfor_inner, 4, 4, 5792, 28.9433, 1.30674
5, hpce.aes414.direct_fourier_transform_parfor_inner, 4, 4, 6888, 74.038, 1.75189
5, hpce.aes414.direct_fourier_transform_parfor_inner, 4, 4, 8192, 105.398, 2.29283
5, hpce.aes414.direct_fourier_transform_parfor_inner, 4, 4, 9741, 59.7546, 3.10903
5, hpce.aes414.direct_fourier_transform_parfor_inner, 4, 4, 11585, 144.806, 4.97571
5, hpce.aes414.direct_fourier_transform_parfor_inner, 4, 4, 13777, 81.4108, 7.10236
5, hpce.aes414.direct_fourier_transform_parfor_inner, 4, 4, 16384, 83.2001, 9.15147
5, hpce.aes414.direct_fourier_transform_parfor_inner, 4, 4, 19483, 89.3567, 12.0789
5, hpce.aes414.direct_fourier_transform_parfor_inner, 4, 4, 23170, 81.6447, 19.6924
5, hpce.aes414.direct_fourier_transform_parfor_inner, 4, 4, 27554, 221.942, 27.9887
5, hpce.aes414.direct_fourier_transform_parfor_inner, 4, 4, 32768, 114.539, 36.6216
6, hpce.aes414.direct_fourier_transform_parfor_inner, 4, 4, 16, 5.08428, 0.000104
6, hpce.aes414.direct_fourier_transform_parfor_inner, 4, 4, 19, 4.44305, 5.5e-05
6, hpce.aes414.direct_fourier_transform_parfor_inner, 4, 4, 22, 3.74936, 6.4e-05
6, hpce.aes414.direct_fourier_transform_parfor_inner, 4, 4, 26, 6.00059, 9.2e-05
6, hpce.aes414.direct_fourier_transform_parfor_inner, 4, 4, 32, 5.12512, 0.000124
6, hpce.aes414.direct_fourier_transform_parfor_inner, 4, 4, 38, 12.0709, 0.000152
6, hpce.aes414.direct_fourier_transform_parfor_inner, 4, 4, 45, 6.4673, 0.000191
6, hpce.aes414.direct_fourier_transform_parfor_inner, 4, 4, 53, 10.349, 0.000274
6, hpce.aes414.direct_fourier_transform_parfor_inner, 4, 4, 64, 8.48267, 0.000353
6, hpce.aes414.direct_fourier_transform_parfor_inner, 4, 4, 76, 0.770689, 0.000471
6, hpce.aes414.direct_fourier_transform_parfor_inner, 4, 4, 90, 8.68704, 0.00057
6, hpce.aes414.direct_fourier_transform_parfor_inner, 4, 4, 107, 6.6972, 0.000807
6, hpce.aes414.direct_fourier_transform_parfor_inner, 4, 4, 128, 6.99139, 0.00106
6, hpce.aes414.direct_fourier_transform_parfor_inner, 4, 4, 152, 15.2411, 0.001357
6, hpce.aes414.direct_fourier_transform_parfor_inner, 4, 4, 181, 4.25256, 0.001798
6, hpce.aes414.direct_fourier_transform_parfor_inner, 4, 4, 215, 6.5401, 0.002513
6, hpce.aes414.direct_fourier_transform_parfor_inner, 4, 4, 256, 7.77228, 0.003339
6, hpce.aes414.direct_fourier_transform_parfor_inner, 4, 4, 304, 7.41879, 0.004244
6, hpce.aes414.direct_fourier_transform_parfor_inner, 4, 4, 362, 17.4657, 0.006306
6, hpce.aes414.direct_fourier_transform_parfor_inner, 4, 4, 430, 18.7009, 0.00828
6, hpce.aes414.direct_fourier_transform_parfor_inner, 4, 4, 512, 6.38456, 0.011221
6, hpce.aes414.direct_fourier_transform_parfor_inner, 4, 4, 608, 21.7851, 0.014327
6, hpce.aes414.direct_fourier_transform_parfor_inner, 4, 4, 724, 8.56682, 0.018807
6, hpce.aes414.direct_fourier_transform_parfor_inner, 4, 4, 861, 10.009, 0.029293
6, hpce.aes414.direct_fourier_transform_parfor_inner, 4, 4, 1024, 15.0743, 0.040013
6, hpce.aes414.direct_fourier_transform_parfor_inner, 4, 4, 1217, 30.1267, 0.052008
6, hpce.aes414.direct_fourier_transform_parfor_inner, 4, 4, 1448, 32.4621, 0.068559
6, hpce.aes414.direct_fourier_transform_parfor_inner, 4, 4, 1722, 26.774, 0.108923
6, hpce.aes414.direct_fourier_transform_parfor_inner, 4, 4, 2048, 50.2559, 0.151993
6, hpce.aes414.direct_fourier_transform_parfor_inner, 4, 4, 2435, 37.1636, 0.199774
6, hpce.aes414.direct_fourier_transform_parfor_inner, 4, 4, 2896, 19.2577, 0.269794
6, hpce.aes414.direct_fourier_transform_parfor_inner, 4, 4, 3444, 28.0925, 0.509227
6, hpce.aes414.direct_fourier_transform_parfor_inner, 4, 4, 4096, 41.5433, 0.611346
6, hpce.aes414.direct_fourier_transform_parfor_inner, 4, 4, 4870, 100.905, 0.776791
6, hpce.aes414.direct_fourier_transform_parfor_inner, 4, 4, 5792, 28.9433, 1.03484
6, hpce.aes414.direct_fourier_transform_parfor_inner, 4, 4, 6888, 74.038, 1.66908
6, hpce.aes414.direct_fourier_transform_parfor_inner, 4, 4, 8192, 105.398, 2.2943
6, hpce.aes414.direct_fourier_transform_parfor_inner, 4, 4, 9741, 59.7546, 3.03933
6, hpce.aes414.direct_fourier_transform_parfor_inner, 4, 4, 11585, 144.806, 4.13652
6, hpce.aes414.direct_fourier_transform_parfor_inner, 4, 4, 13777, 81.4108, 6.55084
6, hpce.aes414.direct_fourier_transform_parfor_inner, 4, 4, 16384, 83.2001, 9.18323
6, hpce.aes414.direct_fourier_transform_parfor_inner, 4, 4, 19483, 89.3567, 12.0611
6, hpce.aes414.direct_fourier_transform_parfor_inner, 4, 4, 23170, 81.6447, 16.098
6, hpce.aes414.direct_fourier_transform_parfor_inner, 4, 4, 27554, 221.942, 26.2289
6, hpce.aes414.direct_fourier_transform_parfor_inner, 4, 4, 32768, 114.539, 36.5214
7, hpce.aes414.direct_fourier_transform_parfor_inner, 4, 4, 16, 5.08428, 0.000126
7, hpce.aes414.direct_fourier_transform_parfor_inner, 4, 4, 19, 4.44305, 5.2e-05
7, hpce.aes414.direct_fourier_transform_parfor_inner, 4, 4, 22, 3.74936, 6.4e-05
7, hpce.aes414.direct_fourier_transform_parfor_inner, 4, 4, 26, 6.00059, 7.7e-05
7, hpce.aes414.direct_fourier_transform_parfor_inner, 4, 4, 32, 5.12512, 0.000123
7, hpce.aes414.direct_fourier_transform_parfor_inner, 4, 4, 38, 12.0709, 0.000161
7, hpce.aes414.direct_fourier_transform_parfor_inner, 4, 4, 45, 6.4673, 0.000199
7, hpce.aes414.direct_fourier_transform_parfor_inner, 4, 4, 53, 10.349, 0.000244
7, hpce.aes414.direct_fourier_transform_parfor_inner, 4, 4, 64, 8.48267, 0.000365
7, hpce.aes414.direct_fourier_transform_parfor_inner, 4, 4, 76, 0.770689, 0.000446
7, hpce.aes414.direct_fourier_transform_parfor_inner, 4, 4, 90, 8.68704, 0.000581
7, hpce.aes414.direct_fourier_transform_parfor_inner, 4, 4, 107, 6.6972, 0.000712
7, hpce.aes414.direct_fourier_transform_parfor_inner, 4, 4, 128, 6.99139, 0.00107
7, hpce.aes414.direct_fourier_transform_parfor_inner, 4, 4, 152, 15.2411, 0.001355
7, hpce.aes414.direct_fourier_transform_parfor_inner, 4, 4, 181, 4.25256, 0.001775
7, hpce.aes414.direct_fourier_transform_parfor_inner, 4, 4, 215, 6.5401, 0.002202
7, hpce.aes414.direct_fourier_transform_parfor_inner, 4, 4, 256, 7.77228, 0.003322
7, hpce.aes414.direct_fourier_transform_parfor_inner, 4, 4, 304, 7.41879, 0.004412
7, hpce.aes414.direct_fourier_transform_parfor_inner, 4, 4, 362, 17.4657, 0.006442
7, hpce.aes414.direct_fourier_transform_parfor_inner, 4, 4, 430, 18.7009, 0.01057
7, hpce.aes414.direct_fourier_transform_parfor_inner, 4, 4, 512, 6.38456, 0.016092
7, hpce.aes414.direct_fourier_transform_parfor_inner, 4, 4, 608, 21.7851, 0.019059
7, hpce.aes414.direct_fourier_transform_parfor_inner, 4, 4, 724, 8.56682, 0.02912
7, hpce.aes414.direct_fourier_transform_parfor_inner, 4, 4, 861, 10.009, 0.030309
7, hpce.aes414.direct_fourier_transform_parfor_inner, 4, 4, 1024, 15.0743, 0.043642
7, hpce.aes414.direct_fourier_transform_parfor_inner, 4, 4, 1217, 30.1267, 0.05664
7, hpce.aes414.direct_fourier_transform_parfor_inner, 4, 4, 1448, 32.4621, 0.070919
7, hpce.aes414.direct_fourier_transform_parfor_inner, 4, 4, 1722, 26.774, 0.09579
7, hpce.aes414.direct_fourier_transform_parfor_inner, 4, 4, 2048, 50.2559, 0.160868
7, hpce.aes414.direct_fourier_transform_parfor_inner, 4, 4, 2435, 37.1636, 0.205097
7, hpce.aes414.direct_fourier_transform_parfor_inner, 4, 4, 2896, 19.2577, 0.272085
7, hpce.aes414.direct_fourier_transform_parfor_inner, 4, 4, 3444, 28.0925, 0.358306
7, hpce.aes414.direct_fourier_transform_parfor_inner, 4, 4, 4096, 41.5433, 0.581474
7, hpce.aes414.direct_fourier_transform_parfor_inner, 4, 4, 4870, 100.905, 0.806188
7, hpce.aes414.direct_fourier_transform_parfor_inner, 4, 4, 5792, 28.9433, 1.04085
7, hpce.aes414.direct_fourier_transform_parfor_inner, 4, 4, 6888, 74.038, 1.36542
7, hpce.aes414.direct_fourier_transform_parfor_inner, 4, 4, 8192, 105.398, 2.29582
7, hpce.aes414.direct_fourier_transform_parfor_inner, 4, 4, 9741, 59.7546, 3.07383
7, hpce.aes414.direct_fourier_transform_parfor_inner, 4, 4, 11585, 144.806, 4.07531
7, hpce.aes414.direct_fourier_transform_parfor_inner, 4, 4, 13777, 81.4108, 5.36478
7, hpce.aes414.direct_fourier_transform_parfor_inner, 4, 4, 16384, 83.2001, 9.14691
7, hpce.aes414.direct_fourier_transform_parfor_inner, 4, 4, 19483, 89.3567, 12.1308
7, hpce.aes414.direct_fourier_transform_parfor_inner, 4, 4, 23170, 81.6447, 16.0928
7, hpce.aes414.direct_fourier_transform_parfor_inner, 4, 4, 27554, 221.942, 21.4217
7, hpce.aes414.direct_fourier_transform_parfor_inner, 4, 4, 32768, 114.539, 36.5421
8, hpce.aes414.direct_fourier_transform_parfor_inner, 4, 4, 16, 5.08428, 9.5e-05
8, hpce.aes414.direct_fourier_transform_parfor_inner, 4, 4, 19, 4.44305, 5.2e-05
8, hpce.aes414.direct_fourier_transform_parfor_inner, 4, 4, 22, 3.74936, 6.3e-05
8, hpce.aes414.direct_fourier_transform_parfor_inner, 4, 4, 26, 6.00059, 7.7e-05
8, hpce.aes414.direct_fourier_transform_parfor_inner, 4, 4, 32, 5.12512, 0.000103
8, hpce.aes414.direct_fourier_transform_parfor_inner, 4, 4, 38, 12.0709, 0.000155
8, hpce.aes414.direct_fourier_transform_parfor_inner, 4, 4, 45, 6.4673, 0.000188
8, hpce.aes414.direct_fourier_transform_parfor_inner, 4, 4, 53, 10.349, 0.000242
8, hpce.aes414.direct_fourier_transform_parfor_inner, 4, 4, 64, 8.48267, 0.000299
8, hpce.aes414.direct_fourier_transform_parfor_inner, 4, 4, 76, 0.770689, 0.000463
8, hpce.aes414.direct_fourier_transform_parfor_inner, 4, 4, 90, 8.68704, 0.000554
8, hpce.aes414.direct_fourier_transform_parfor_inner, 4, 4, 107, 6.6972, 0.000721
8, hpce.aes414.direct_fourier_transform_parfor_inner, 4, 4, 128, 6.99139, 0.000917
8, hpce.aes414.direct_fourier_transform_parfor_inner, 4, 4, 152, 15.2411, 0.001344
8, hpce.aes414.direct_fourier_transform_parfor_inner, 4, 4, 181, 4.25256, 0.001753
8, hpce.aes414.direct_fourier_transform_parfor_inner, 4, 4, 215, 6.5401, 0.002279
8, hpce.aes414.direct_fourier_transform_parfor_inner, 4, 4, 256, 7.77228, 0.002815
8, hpce.aes414.direct_fourier_transform_parfor_inner, 4, 4, 304, 7.41879, 0.004309
8, hpce.aes414.direct_fourier_transform_parfor_inner, 4, 4, 362, 17.4657, 0.005533
8, hpce.aes414.direct_fourier_transform_parfor_inner, 4, 4, 430, 18.7009, 0.007487
8, hpce.aes414.direct_fourier_transform_parfor_inner, 4, 4, 512, 6.38456, 0.009479
8, hpce.aes414.direct_fourier_transform_parfor_inner, 4, 4, 608, 21.7851, 0.014903
8, hpce.aes414.direct_fourier_transform_parfor_inner, 4, 4, 724, 8.56682, 0.018965
8, hpce.aes414.direct_fourier_transform_parfor_inner, 4, 4, 861, 10.009, 0.024802
8, hpce.aes414.direct_fourier_transform_parfor_inner, 4, 4, 1024, 15.0743, 0.032511
8, hpce.aes414.direct_fourier_transform_parfor_inner, 4, 4, 1217, 30.1267, 0.053186
8, hpce.aes414.direct_fourier_transform_parfor_inner, 4, 4, 1448, 32.4621, 0.072831
8, hpce.aes414.direct_fourier_transform_parfor_inner, 4, 4, 1722, 26.774, 0.094921
8, hpce.aes414.direct_fourier_transform_parfor_inner, 4, 4, 2048, 50.2559, 0.12919
8, hpce.aes414.direct_fourier_transform_parfor_inner, 4, 4, 2435, 37.1636, 0.213131
8, hpce.aes414.direct_fourier_transform_parfor_inner, 4, 4, 2896, 19.2577, 0.276383
8, hpce.aes414.direct_fourier_transform_parfor_inner, 4, 4, 3444, 28.0925, 0.390587
8, hpce.aes414.direct_fourier_transform_parfor_inner, 4, 4, 4096, 41.5433, 0.493759
8, hpce.aes414.direct_fourier_transform_parfor_inner, 4, 4, 4870, 100.905, 0.818938
8, hpce.aes414.direct_fourier_transform_parfor_inner, 4, 4, 5792, 28.9433, 1.03202
8, hpce.aes414.direct_fourier_transform_parfor_inner, 4, 4, 6888, 74.038, 1.90837
8, hpce.aes414.direct_fourier_transform_parfor_inner, 4, 4, 8192, 105.398, 2.09578
8, hpce.aes414.direct_fourier_transform_parfor_inner, 4, 4, 9741, 59.7546, 3.51236
8, hpce.aes414.direct_fourier_transform_parfor_inner, 4, 4, 11585, 144.806, 4.29401
8, hpce.aes414.direct_fourier_transform_parfor_inner, 4, 4, 13777, 81.4108, 5.91529
8, hpce.aes414.direct_fourier_transform_parfor_inner, 4, 4, 16384, 83.2001, 7.91274
8, hpce.aes414.direct_fourier_transform_parfor_inner, 4, 4, 19483, 89.3567, 13.5697
8, hpce.aes414.direct_fourier_transform_parfor_inner, 4, 4, 23170, 81.6447, 18.0625
8, hpce.aes414.direct_fourier_transform_parfor_inner, 4, 4, 27554, 221.942, 24.0486
8, hpce.aes414.direct_fourier_transform_parfor_inner, 4, 4, 32768, 114.539, 32.1834
9, hpce.aes414.direct_fourier_transform_parfor_inner, 4, 4, 16, 5.08428, 0.000153
9, hpce.aes414.direct_fourier_transform_parfor_inner, 4, 4, 19, 4.44305, 5.2e-05
9, hpce.aes414.direct_fourier_transform_parfor_inner, 4, 4, 22, 3.74936, 6.2e-05
9, hpce.aes414.direct_fourier_transform_parfor_inner, 4, 4, 26, 6.00059, 7.9e-05
9, hpce.aes414.direct_fourier_transform_parfor_inner, 4, 4, 32, 5.12512, 0.00011
9, hpce.aes414.direct_fourier_transform_parfor_inner, 4, 4, 38, 12.0709, 0.000155
9, hpce.aes414.direct_fourier_transform_parfor_inner, 4, 4, 45, 6.4673, 0.000198
9, hpce.aes414.direct_fourier_transform_parfor_inner, 4, 4, 53, 10.349, 0.000243
9, hpce.aes414.direct_fourier_transform_parfor_inner, 4, 4, 64, 8.48267, 0.000302
9, hpce.aes414.direct_fourier_transform_parfor_inner, 4, 4, 76, 0.770689, 0.000434
9, hpce.aes414.direct_fourier_transform_parfor_inner, 4, 4, 90, 8.68704, 0.000667
9, hpce.aes414.direct_fourier_transform_parfor_inner, 4, 4, 107, 6.6972, 0.000759
9, hpce.aes414.direct_fourier_transform_parfor_inner, 4, 4, 128, 6.99139, 0.000958
9, hpce.aes414.direct_fourier_transform_parfor_inner, 4, 4, 152, 15.2411, 0.001263
9, hpce.aes414.direct_fourier_transform_parfor_inner, 4, 4, 181, 4.25256, 0.001801
9, hpce.aes414.direct_fourier_transform_parfor_inner, 4, 4, 215, 6.5401, 0.002305
9, hpce.aes414.direct_fourier_transform_parfor_inner, 4, 4, 256, 7.77228, 0.002875
9, hpce.aes414.direct_fourier_transform_parfor_inner, 4, 4, 304, 7.41879, 0.004775
9, hpce.aes414.direct_fourier_transform_parfor_inner, 4, 4, 362, 17.4657, 0.006986
9, hpce.aes414.direct_fourier_transform_parfor_inner, 4, 4, 430, 18.7009, 0.009876
9, hpce.aes414.direct_fourier_transform_parfor_inner, 4, 4, 512, 6.38456, 0.00928
9, hpce.aes414.direct_fourier_transform_parfor_inner, 4, 4, 608, 21.7851, 0.015074
9, hpce.aes414.direct_fourier_transform_parfor_inner, 4, 4, 724, 8.56682, 0.023923
9, hpce.aes414.direct_fourier_transform_parfor_inner, 4, 4, 861, 10.009, 0.028251
9, hpce.aes414.direct_fourier_transform_parfor_inner, 4, 4, 1024, 15.0743, 0.043661
9, hpce.aes414.direct_fourier_transform_parfor_inner, 4, 4, 1217, 30.1267, 0.062675
9, hpce.aes414.direct_fourier_transform_parfor_inner, 4, 4, 1448, 32.4621, 0.076874
9, hpce.aes414.direct_fourier_transform_parfor_inner, 4, 4, 1722, 26.774, 0.108683
9, hpce.aes414.direct_fourier_transform_parfor_inner, 4, 4, 2048, 50.2559, 0.131457
9, hpce.aes414.direct_fourier_transform_parfor_inner, 4, 4, 2435, 37.1636, 0.206034
9, hpce.aes414.direct_fourier_transform_parfor_inner, 4, 4, 2896, 19.2577, 0.290331
9, hpce.aes414.direct_fourier_transform_parfor_inner, 4, 4, 3444, 28.0925, 0.402955
9, hpce.aes414.direct_fourier_transform_parfor_inner, 4, 4, 4096, 41.5433, 0.520732
9, hpce.aes414.direct_fourier_transform_parfor_inner, 4, 4, 4870, 100.905, 0.812903
9, hpce.aes414.direct_fourier_transform_parfor_inner, 4, 4, 5792, 28.9433, 1.14485
9, hpce.aes414.direct_fourier_transform_parfor_inner, 4, 4, 6888, 74.038, 1.56083
9, hpce.aes414.direct_fourier_transform_parfor_inner, 4, 4, 8192, 105.398, 2.05694
9, hpce.aes414.direct_fourier_transform_parfor_inner, 4, 4, 9741, 59.7546, 3.20158
9, hpce.aes414.direct_fourier_transform_parfor_inner, 4, 4, 11585, 144.806, 4.55178
9, hpce.aes414.direct_fourier_transform_parfor_inner, 4, 4, 13777, 81.4108, 6.06377
9, hpce.aes414.direct_fourier_transform_parfor_inner, 4, 4, 16384, 83.2001, 8.03003
9, hpce.aes414.direct_fourier_transform_parfor_inner, 4, 4, 19483, 89.3567, 12.8488
9, hpce.aes414.direct_fourier_transform_parfor_inner, 4, 4, 23170, 81.6447, 18.2693
9, hpce.aes414.direct_fourier_transform_parfor_inner, 4, 4, 27554, 221.942, 24.0472
9, hpce.aes414.direct_fourier_transform_parfor_inner, 4, 4, 32768, 114.539, 34.5217
